time_s,x_m,y_m,z_m,theta_x_deg,theta_y_deg,theta_z_deg
0.020706,0.677218,0.171329,0.069364,170.640793,73.990356,165.970825
0.075171,0.677219,0.171328,0.069364,170.640854,73.990387,165.970840
0.115381,0.677218,0.171328,0.069364,170.640793,73.990356,165.970795
0.171201,0.677218,0.171329,0.069364,170.640793,73.990356,165.970825
0.213713,0.677218,0.171328,0.069364,170.640793,73.990356,165.970795
0.266799,0.677218,0.171329,0.069364,170.640793,73.990356,165.970825
0.325655,0.677218,0.171328,0.069364,170.640793,73.990356,165.970795
0.363437,0.677218,0.171328,0.069364,170.640793,73.990356,165.970795
0.413521,0.677218,0.171328,0.069364,170.640778,73.990356,165.970749
0.463657,0.677218,0.171328,0.069364,170.640793,73.990356,165.970795
0.518427,0.677218,0.171329,0.069364,170.640793,73.990356,165.970825
0.563806,0.677218,0.171328,0.069364,170.640793,73.990356,165.970795
0.613707,0.677218,0.171328,0.069364,170.640793,73.990356,165.970795
0.663767,0.677218,0.171329,0.069364,170.640793,73.990356,165.970825
0.713602,0.677218,0.171328,0.069364,170.640793,73.990356,165.970795
0.763623,0.677218,0.171328,0.069364,170.640793,73.990356,165.970795
0.813828,0.677218,0.171328,0.069364,170.640778,73.990356,165.970749
0.868183,0.677218,0.171329,0.069364,170.640793,73.990356,165.970825
0.913567,0.677218,0.171329,0.069364,170.640793,73.990356,165.970825
0.963867,0.677218,0.171328,0.069364,170.640793,73.990356,165.970795
1.019851,0.677218,0.171329,0.069364,170.640793,73.990356,165.970825
1.063633,0.677218,0.171329,0.069364,170.640793,73.990356,165.970825
1.114066,0.677218,0.171328,0.069364,170.640793,73.990356,165.970795
1.167318,0.677218,0.171329,0.069364,170.640793,73.990356,165.970825
1.214222,0.677218,0.171329,0.069364,170.640793,73.990356,165.970825
1.288520,0.677218,0.171329,0.069364,170.640793,73.990356,165.970825
1.318419,0.677218,0.171329,0.069364,170.640793,73.990356,165.970825
1.388683,0.677218,0.171328,0.069364,170.640793,73.990356,165.970795
1.439464,0.677218,0.171328,0.069364,170.640793,73.990356,165.970795
1.467863,0.677218,0.171328,0.069364,170.640793,73.990356,165.970795
1.538929,0.677218,0.171329,0.069364,170.640793,73.990356,165.970825
1.589541,0.677218,0.171329,0.069364,170.640793,73.990356,165.970825
1.639235,0.677218,0.171328,0.069364,170.640793,73.990356,165.970795
1.689491,0.677218,0.171328,0.069364,170.640793,73.990356,165.970795
1.744010,0.677218,0.171328,0.069364,170.640793,73.990356,165.970795
1.788815,0.677218,0.171329,0.069364,170.640793,73.990356,165.970825
1.838665,0.677218,0.171328,0.069364,170.640793,73.990356,165.970795
1.893169,0.677218,0.171328,0.069364,170.640793,73.990356,165.970795
1.938811,0.677218,0.171329,0.069364,170.640793,73.990356,165.970825
1.988830,0.677218,0.171328,0.069364,170.640793,73.990356,165.970795
2.042682,0.677218,0.171328,0.069364,170.640793,73.990356,165.970795
2.088881,0.677218,0.171328,0.069364,170.640793,73.990356,165.970795
2.141467,0.677218,0.171328,0.069364,170.640793,73.990356,165.970795
2.192784,0.677218,0.171329,0.069364,170.640793,73.990356,165.970825
2.238621,0.677218,0.171328,0.069364,170.640793,73.990356,165.970795
2.291065,0.677218,0.171329,0.069364,170.640793,73.990356,165.970825
2.342282,0.677218,0.171328,0.069364,170.640793,73.990356,165.970795
2.389773,0.677218,0.171328,0.069364,170.640793,73.990356,165.970795
2.438803,0.677218,0.171328,0.069364,170.640793,73.990356,165.970795
2.488754,0.677218,0.171328,0.069364,170.640793,73.990356,165.970795
2.539112,0.677218,0.171328,0.069364,170.640793,73.990356,165.970795
2.588856,0.677218,0.171329,0.069364,170.640793,73.990356,165.970825
2.638690,0.677218,0.171328,0.069364,170.640793,73.990356,165.970795
2.688797,0.677218,0.171328,0.069364,170.640778,73.990356,165.970749
2.738737,0.677218,0.171329,0.069364,170.640793,73.990356,165.970825
2.789169,0.677218,0.171328,0.069364,170.640793,73.990356,165.970795
2.839919,0.677218,0.171328,0.069364,170.640793,73.990356,165.970795
2.889473,0.677218,0.171328,0.069364,170.640793,73.990356,165.970795
2.938749,0.677218,0.171329,0.069364,170.640793,73.990356,165.970825
2.989487,0.677218,0.171329,0.069363,170.640854,73.990334,165.970886
3.038508,0.677218,0.171328,0.069364,170.640793,73.990356,165.970795
3.088987,0.677218,0.171328,0.069364,170.640793,73.990356,165.970795
3.138832,0.677218,0.171329,0.069364,170.640793,73.990356,165.970825
3.189993,0.677218,0.171328,0.069364,170.640793,73.990356,165.970795
3.239634,0.677218,0.171328,0.069364,170.640793,73.990356,165.970795
3.288810,0.677218,0.171329,0.069364,170.640793,73.990356,165.970825
3.339407,0.677218,0.171328,0.069364,170.640793,73.990356,165.970795
3.388723,0.677218,0.171329,0.069364,170.640793,73.990356,165.970825
3.438705,0.677218,0.171329,0.069364,170.640793,73.990356,165.970825
3.493506,0.677218,0.171329,0.069364,170.640793,73.990356,165.970825
3.538744,0.677218,0.171328,0.069364,170.640793,73.990356,165.970795
3.588784,0.677218,0.171328,0.069364,170.640793,73.990356,165.970795
3.643500,0.677218,0.171328,0.069364,170.640793,73.990356,165.970795
3.689391,0.677218,0.171328,0.069364,170.640793,73.990356,165.970795
3.741563,0.677218,0.171328,0.069364,170.640793,73.990356,165.970795
3.792666,0.677218,0.171329,0.069364,170.640793,73.990356,165.970825
3.865389,0.677218,0.171328,0.069363,170.640854,73.990334,165.970856
3.914279,0.677218,0.171329,0.069363,170.640854,73.990334,165.970886
3.942942,0.677218,0.171328,0.069363,170.640854,73.990334,165.970856
4.015961,0.677218,0.171329,0.069364,170.640793,73.990356,165.970825
4.064306,0.677218,0.171328,0.069364,170.640793,73.990356,165.970795
4.093157,0.677218,0.171329,0.069363,170.640854,73.990334,165.970886
4.163792,0.677218,0.171328,0.069364,170.640793,73.990356,165.970795
4.217343,0.677218,0.171328,0.069364,170.640793,73.990356,165.970795
4.264191,0.677218,0.171328,0.069364,170.640793,73.990356,165.970795
4.314037,0.677218,0.171329,0.069363,170.640854,73.990334,165.970886
4.368936,0.677218,0.171328,0.069364,170.640793,73.990356,165.970795
4.414102,0.677218,0.171328,0.069363,170.640854,73.990334,165.970856
4.463821,0.677218,0.171328,0.069363,170.640854,73.990334,165.970856
4.519511,0.677218,0.171328,0.069363,170.640854,73.990334,165.970856
4.564502,0.677218,0.171328,0.069364,170.640793,73.990356,165.970795
4.613537,0.677218,0.171328,0.069363,170.640854,73.990334,165.970856
4.669183,0.677218,0.171329,0.069364,170.640793,73.990356,165.970825
4.715227,0.677218,0.171328,0.069364,170.640793,73.990356,165.970795
4.763555,0.677218,0.171329,0.069363,170.640854,73.990334,165.970886
4.818133,0.677218,0.171328,0.069363,170.640854,73.990334,165.970856
4.863832,0.677218,0.171328,0.069363,170.640854,73.990334,165.970856
4.913933,0.677218,0.171329,0.069364,170.640793,73.990356,165.970825
4.971204,0.677218,0.171328,0.069363,170.640854,73.990334,165.970856
5.013894,0.677218,0.171328,0.069363,170.640854,73.990334,165.970856
5.066401,0.677218,0.171328,0.069363,170.640854,73.990334,165.970856
5.113975,0.677218,0.171328,0.069363,170.640854,73.990334,165.970856
5.164779,0.677218,0.171329,0.069363,170.640854,73.990334,165.970886
5.214614,0.677218,0.171328,0.069363,170.640854,73.990334,165.970856
5.263729,0.677218,0.171328,0.069363,170.640854,73.990334,165.970856
5.314540,0.677218,0.171329,0.069363,170.640854,73.990334,165.970886
5.364989,0.677218,0.171329,0.069364,170.640793,73.990356,165.970825
5.414356,0.677218,0.171328,0.069363,170.640854,73.990334,165.970856
5.463601,0.677218,0.171328,0.069364,170.640793,73.990356,165.970795
5.513872,0.677218,0.171328,0.069363,170.640854,73.990334,165.970856
5.563936,0.677218,0.171328,0.069364,170.640793,73.990356,165.970795
5.613559,0.677218,0.171328,0.069363,170.640854,73.990334,165.970856
5.665573,0.677218,0.171328,0.069364,170.640793,73.990356,165.970795
5.714647,0.677218,0.171328,0.069364,170.640793,73.990356,165.970795
5.767220,0.677218,0.171329,0.069363,170.640854,73.990334,165.970886
5.814554,0.677218,0.171328,0.069364,170.640793,73.990356,165.970795
5.865660,0.677218,0.171328,0.069363,170.640854,73.990334,165.970856
5.914741,0.677218,0.171329,0.069363,170.640854,73.990334,165.970886
5.965004,0.677218,0.171328,0.069363,170.640854,73.990334,165.970856
6.014246,0.677218,0.171328,0.069363,170.640854,73.990334,165.970856
6.064702,0.677218,0.171328,0.069364,170.640793,73.990356,165.970795
6.138332,0.677218,0.171329,0.069364,170.640793,73.990356,165.970825
6.164372,0.677218,0.171328,0.069364,170.640793,73.990356,165.970795
6.214076,0.677218,0.171328,0.069363,170.640854,73.990334,165.970856
6.268028,0.677218,0.171328,0.069363,170.640854,73.990334,165.970856
6.313995,0.677218,0.171329,0.069363,170.640854,73.990334,165.970886
6.364093,0.677218,0.171328,0.069364,170.640793,73.990356,165.970795
6.418181,0.677218,0.171329,0.069364,170.640793,73.990356,165.970825
6.463955,0.677218,0.171329,0.069363,170.640854,73.990334,165.970886
6.514377,0.677218,0.171328,0.069363,170.640854,73.990334,165.970856
6.569062,0.677218,0.171329,0.069363,170.640854,73.990334,165.970886
6.638873,0.677218,0.171328,0.069363,170.640854,73.990334,165.970856
6.689519,0.677218,0.171328,0.069364,170.640793,73.990356,165.970795
6.718151,0.677218,0.171328,0.069363,170.640854,73.990334,165.970856
6.789045,0.677218,0.171328,0.069364,170.640793,73.990356,165.970795
6.838974,0.677218,0.171329,0.069363,170.640854,73.990334,165.970886
6.889471,0.677218,0.171328,0.069363,170.640854,73.990334,165.970825
6.939195,0.677218,0.171329,0.069364,170.640793,73.990356,165.970825
6.993711,0.677218,0.171328,0.069363,170.640854,73.990334,165.970856
7.039005,0.677218,0.171328,0.069363,170.640854,73.990334,165.970856
7.089990,0.677218,0.171329,0.069363,170.640854,73.990334,165.970886
7.143596,0.677218,0.171328,0.069363,170.640854,73.990334,165.970856
7.191587,0.677218,0.171328,0.069363,170.640854,73.990334,165.970856
7.239412,0.677218,0.171328,0.069363,170.640854,73.990334,165.970856
7.294610,0.677218,0.171328,0.069363,170.640854,73.990334,165.970856
7.340298,0.677218,0.171328,0.069363,170.640854,73.990334,165.970856
7.389112,0.677218,0.171328,0.069363,170.640854,73.990334,165.970856
7.443982,0.677218,0.171328,0.069363,170.640854,73.990334,165.970856
7.489606,0.677218,0.171328,0.069363,170.640854,73.990334,165.970856
7.539036,0.677218,0.171329,0.069363,170.640854,73.990334,165.970886
7.593111,0.677218,0.171328,0.069363,170.640854,73.990334,165.970856
7.639271,0.677218,0.171328,0.069363,170.640854,73.990334,165.970856
7.689398,0.677218,0.171329,0.069363,170.640854,73.990334,165.970886
7.739107,0.677218,0.171329,0.069363,170.640854,73.990334,165.970886
7.789179,0.677218,0.171328,0.069363,170.640854,73.990334,165.970856
7.839908,0.677218,0.171329,0.069363,170.640854,73.990334,165.970886
7.889631,0.677218,0.171329,0.069363,170.640854,73.990334,165.970886
7.940120,0.677218,0.171328,0.069363,170.640854,73.990334,165.970856
7.989381,0.677218,0.171329,0.069363,170.640854,73.990334,165.970886
8.038802,0.677218,0.171328,0.069363,170.640854,73.990334,165.970856
8.090556,0.677218,0.171328,0.069363,170.640854,73.990334,165.970856
8.139042,0.677218,0.171328,0.069364,170.640793,73.990356,165.970795
8.188864,0.677218,0.171328,0.069363,170.640915,73.990318,165.970901
8.239145,0.677219,0.171328,0.069365,170.640579,73.990356,165.970581
8.289083,0.677224,0.171332,0.069384,170.635773,73.991425,165.965927
8.339272,0.677214,0.171428,0.069282,170.708939,73.965019,166.058380
8.389141,0.677868,0.172272,0.069850,170.914368,73.917343,166.395493
8.438907,0.679346,0.173823,0.072360,170.652954,73.994370,166.319504
8.493656,0.681202,0.175636,0.076315,170.042297,74.156944,165.909485
8.539869,0.683354,0.177678,0.081762,168.993240,74.397049,165.063171
8.589607,0.685848,0.180056,0.088826,167.534348,74.717918,163.836365
8.639916,0.688554,0.182473,0.097080,165.697861,75.087624,162.226730
8.690742,0.691289,0.184838,0.105944,163.639923,75.478867,160.393555
8.744112,0.694039,0.187409,0.115267,161.397614,75.861732,158.405685
8.789161,0.696283,0.189472,0.123199,159.391800,76.169106,156.606262
8.839320,0.698637,0.191651,0.131877,157.185043,76.492744,154.628174
8.894566,0.701146,0.193924,0.141575,154.574966,76.832970,152.259491
8.939159,0.703059,0.195767,0.149427,152.411255,77.085587,150.299637
8.989374,0.705146,0.197765,0.158344,149.877106,77.357689,147.992935
9.043202,0.707238,0.199801,0.167830,147.086151,77.619553,145.442078
9.090672,0.708956,0.201477,0.176076,144.621674,77.832619,143.183167
9.139406,0.710759,0.203175,0.185072,141.799454,78.034248,140.576721
9.193762,0.712520,0.204916,0.194523,138.819733,78.214584,137.824310
9.239460,0.714012,0.206467,0.203178,136.003632,78.370102,135.222443
9.289464,0.715494,0.207901,0.212210,133.031265,78.494637,132.458206
9.344055,0.716976,0.209423,0.222069,129.743103,78.602875,129.400742
9.390090,0.718154,0.210677,0.230471,126.904633,78.660194,126.756256
9.441485,0.719317,0.212007,0.239651,123.821266,78.709618,123.893425
9.489592,0.720393,0.213157,0.248102,120.991806,78.739059,121.264290
9.539500,0.721281,0.214245,0.254621,118.993912,78.755974,119.458252
9.589624,0.722065,0.215330,0.259651,117.616409,78.797028,118.264442
9.639717,0.722806,0.216354,0.263167,116.862946,78.848793,117.681854
9.689652,0.723414,0.217162,0.264778,116.918625,78.915215,117.873772
9.739170,0.723530,0.217458,0.264796,117.298904,78.954773,118.310890
9.789347,0.723505,0.217699,0.264450,117.749207,78.983963,118.802254
9.839295,0.723711,0.217848,0.263731,119.215286,79.094780,120.358292
9.889204,0.725303,0.216361,0.264754,121.014664,79.317108,122.200233
9.939504,0.728163,0.213204,0.269140,121.354782,79.658440,122.470528
9.991733,0.731436,0.209347,0.275938,120.592285,80.065681,121.592384
10.069854,0.736309,0.203102,0.289780,117.825043,80.682297,118.646637
10.114341,0.739000,0.199216,0.299717,115.091522,81.004868,115.800468
10.164589,0.741708,0.194990,0.310468,112.007957,81.349121,112.600784
10.219873,0.744488,0.190214,0.322448,108.255341,81.691345,108.710342
10.264688,0.746615,0.186122,0.332136,105.062271,81.944916,105.388031
10.314572,0.748779,0.181493,0.342915,101.336746,82.215179,101.518135
10.365325,0.750792,0.176730,0.353700,97.354828,82.444420,97.377533
10.414302,0.752612,0.171915,0.364547,93.117584,82.642548,92.980568
10.464771,0.754277,0.166876,0.375361,88.740677,82.812744,88.428688
10.495756,0.755159,0.163808,0.381775,86.075783,82.895203,85.653679
10.565702,0.757003,0.156565,0.397062,79.468193,83.020248,78.784439
10.614867,0.758107,0.151171,0.407874,74.716301,83.062019,73.829872
10.664533,0.759004,0.145736,0.418727,69.901367,83.065132,68.806915
10.715934,0.759731,0.140090,0.429604,65.143982,83.011505,63.821194
10.764188,0.760251,0.134422,0.440455,60.458530,82.922409,58.910843
10.814699,0.760570,0.128529,0.451382,55.895470,82.788025,54.100544
10.864603,0.760714,0.122564,0.462113,51.628365,82.619179,49.577011
10.917013,0.760650,0.116551,0.472987,47.448311,82.405434,45.139488
10.964731,0.760375,0.110392,0.483870,43.557041,82.162392,40.976868
11.014768,0.759918,0.104075,0.494635,39.934410,81.889694,37.067226
11.065053,0.759245,0.097696,0.505441,36.561134,81.584526,33.399681
11.114904,0.758380,0.091296,0.516137,33.453701,81.258629,29.993858
11.164689,0.757279,0.084655,0.526990,30.506187,80.902016,26.726559
11.214428,0.756022,0.077942,0.537585,27.821493,80.542976,23.712292
11.265452,0.754519,0.071140,0.548314,25.390114,80.145950,20.940220
11.314404,0.752991,0.064374,0.558471,23.031948,79.788971,18.236477
11.369264,0.751744,0.057305,0.567614,20.526583,79.529716,15.344924
11.414403,0.751108,0.051567,0.573808,18.339588,79.420761,12.823183
11.464803,0.750875,0.046357,0.578756,15.851699,79.430550,10.039097
11.518677,0.750961,0.042809,0.580751,13.426132,79.708107,7.433584
11.565001,0.751212,0.042318,0.580156,11.918635,80.012718,5.935152
11.614540,0.751212,0.042318,0.580156,11.918635,80.012718,5.935152
11.670624,0.751087,0.042602,0.580449,11.491151,79.901436,5.568969
11.715920,0.749955,0.040794,0.583467,11.948619,79.238693,5.944946
11.764633,0.748437,0.038378,0.585793,12.361035,78.607697,6.231714
11.819692,0.746670,0.035608,0.587237,12.783690,78.038628,6.501224
11.867910,0.745193,0.033377,0.588458,13.075910,77.570457,6.672090
11.915214,0.743468,0.030832,0.589996,13.372356,77.039833,6.833985
11.968136,0.741656,0.028175,0.591447,13.668081,76.495087,6.990129
12.014807,0.740078,0.025952,0.592640,13.828964,76.026337,7.038701
12.064552,0.738289,0.023533,0.594148,14.079896,75.499161,7.168669
12.115619,0.736475,0.021095,0.595605,14.323744,74.977371,7.290135
12.164449,0.734698,0.018845,0.596916,14.470727,74.471214,7.334739
12.214538,0.732815,0.016496,0.598379,14.640578,73.948578,7.394315
12.264431,0.730908,0.014193,0.599842,14.802245,73.426651,7.451902
12.314824,0.729039,0.011960,0.601110,14.933005,72.931595,7.485620
12.364634,0.727067,0.009698,0.602653,15.046592,72.393761,7.499309
12.415935,0.725067,0.007421,0.604029,15.175552,71.876907,7.531500
12.465353,0.723048,0.005257,0.605454,15.279613,71.358269,7.551431
12.516212,0.721015,0.003087,0.606841,15.378641,70.839806,7.565611
12.564608,0.718968,0.000956,0.608214,15.466493,70.324944,7.572663
12.615860,0.716840,-0.001188,0.609604,15.550175,69.805885,7.577486
12.666083,0.714714,-0.003246,0.610964,15.629164,69.296455,7.585387
12.716824,0.712566,-0.005275,0.612274,15.681399,68.783592,7.569189
12.764220,0.710358,-0.007328,0.613705,15.740562,68.261711,7.563409
12.814757,0.708122,-0.009314,0.615076,15.802146,67.743813,7.565063
12.867137,0.705919,-0.011294,0.616300,15.860940,67.243401,7.564674
12.916354,0.703624,-0.013252,0.617680,15.891430,66.725060,7.543022
12.965213,0.701291,-0.015171,0.619103,15.938190,66.199554,7.540861
13.040031,0.697815,-0.017850,0.621045,15.970119,65.436424,7.520526
13.090469,0.695496,-0.019593,0.623146,15.980912,64.839287,7.507212
13.119356,0.694230,-0.020432,0.624868,15.936740,64.441010,7.470591
13.189603,0.692791,-0.020890,0.627437,15.873086,63.899120,7.477956
13.239684,0.692791,-0.020890,0.627437,15.873086,63.899120,7.477956
13.268577,0.692635,-0.020785,0.627861,15.903357,63.812584,7.551128
13.343764,0.695098,-0.021576,0.621677,16.659269,64.823555,8.162214
13.390017,0.698047,-0.021831,0.614199,17.285301,65.903191,8.673600
13.439940,0.701192,-0.021885,0.606076,17.896978,67.027939,9.177950
13.490016,0.704041,-0.022059,0.598355,18.566933,68.091805,9.735725
13.539586,0.706791,-0.022122,0.590513,19.281101,69.158066,10.346465
13.569648,0.708413,-0.022228,0.585671,19.772371,69.813126,10.767169
13.639365,0.711964,-0.022635,0.574597,20.973547,71.300026,11.788963
13.691279,0.714315,-0.022923,0.566718,21.969679,72.346191,12.656929
13.740891,0.716539,-0.023109,0.558803,23.057369,73.392410,13.624032
13.789789,0.718696,-0.023432,0.550810,24.299133,74.430748,14.729931
13.840796,0.720679,-0.023880,0.542808,25.692759,75.465874,15.976382
13.889648,0.722547,-0.024173,0.534936,27.288399,76.469307,17.439693
13.941380,0.724317,-0.024504,0.526792,29.163860,77.493568,19.171333
13.994363,0.726119,-0.024947,0.517939,31.579624,78.583099,21.424271
14.039658,0.727444,-0.025356,0.510746,33.895630,79.455406,23.600904
14.089769,0.728836,-0.025803,0.502669,36.981380,80.402390,26.532324
14.132044,0.729913,-0.026231,0.495862,40.038383,81.177261,29.451468
14.190053,0.731246,-0.026716,0.486524,45.183434,82.191818,34.415970
14.240483,0.732260,-0.027142,0.478435,50.767570,83.005806,39.840538
14.294331,0.733222,-0.027768,0.469677,58.423885,83.791237,47.307117
14.340079,0.733915,-0.028316,0.462209,66.440643,84.355377,55.159924
14.390329,0.734567,-0.028799,0.454088,76.898643,84.821434,65.447075
14.443982,0.735124,-0.029385,0.445305,89.912033,85.101799,78.268448
14.490473,0.735500,-0.029978,0.437929,101.561241,85.129478,89.744537
14.539608,0.735772,-0.030631,0.429754,113.978088,84.927361,101.969429
14.594846,0.735933,-0.031271,0.421031,125.714951,84.482857,113.501663
14.642972,0.735948,-0.031907,0.413574,134.103531,83.946442,121.705383
14.689700,0.735858,-0.032533,0.405530,141.566925,83.256638,128.972305
14.740176,0.735656,-0.033130,0.397491,147.507919,82.474953,134.717453
14.790024,0.735303,-0.033882,0.389379,152.415588,81.616562,139.411194
14.840880,0.734854,-0.034643,0.381358,156.359039,80.719254,143.138763
14.890070,0.734276,-0.035308,0.373373,159.633545,79.793266,146.203690
14.939814,0.733568,-0.035994,0.365336,162.344391,78.832977,148.697296
14.990859,0.732749,-0.036790,0.357414,164.665237,77.864235,150.791672
15.042303,0.731812,-0.037596,0.349485,166.624893,76.876465,152.518631
15.089766,0.730738,-0.038346,0.341515,168.387451,75.874214,154.051788
15.140437,0.729550,-0.039122,0.333636,169.885269,74.863098,155.313675
15.190066,0.728268,-0.039884,0.325828,171.234543,73.852776,156.428268
15.239743,0.726869,-0.040675,0.318057,172.412979,72.839943,157.365234
15.289649,0.725296,-0.041599,0.310202,173.497040,71.803833,158.188812
15.339630,0.723648,-0.042467,0.302640,174.439301,70.786781,158.876175
15.389960,0.721846,-0.043272,0.296293,175.074127,69.839241,159.270447
15.439704,0.720539,-0.043883,0.292848,175.320602,69.240059,159.355118
15.490458,0.720298,-0.044023,0.292317,175.289886,69.129883,159.294144
15.540073,0.721390,-0.043486,0.294235,175.167877,69.438530,159.355835
15.590027,0.723324,-0.043306,0.297108,174.855621,69.860466,159.247940
15.640494,0.725954,-0.043053,0.301005,174.390152,70.387703,159.009171
15.689378,0.729359,-0.042254,0.305999,173.772202,71.026253,158.682465
15.744720,0.733845,-0.041172,0.312567,172.950806,71.843246,158.215317
15.790157,0.737797,-0.040151,0.318522,172.132812,72.568695,157.703018
15.839412,0.741557,-0.039126,0.324398,171.298981,73.285774,157.185715
15.894056,0.744667,-0.038508,0.329433,170.532150,73.916603,156.691101
15.940186,0.746595,-0.038418,0.332724,170.046722,74.345322,156.384857
15.990338,0.748014,-0.038244,0.335271,169.575958,74.699829,156.089096
16.043429,0.748639,-0.037795,0.336733,169.487289,74.925621,156.148117
16.089824,0.748767,-0.037940,0.337192,169.516586,75.010063,156.200333
16.140124,0.748709,-0.040640,0.337792,169.721481,75.083961,156.185455
16.194682,0.748495,-0.045600,0.338985,170.208054,75.232658,156.258255
16.239964,0.748228,-0.050758,0.340379,170.805649,75.409256,156.423782
16.290135,0.747967,-0.055739,0.341768,171.383987,75.583321,156.587875
16.344491,0.747773,-0.059833,0.342814,171.754822,75.711563,156.625214
16.415788,0.747714,-0.061316,0.343154,171.857697,75.752266,156.609406
16.464849,0.747725,-0.061195,0.343130,171.846451,75.749245,156.608124
16.514993,0.747733,-0.061097,0.343106,171.835938,75.746330,156.605743
16.566082,0.747732,-0.061075,0.343094,171.832382,75.744835,156.603912
16.619104,0.747748,-0.060883,0.343069,171.823273,75.741928,156.610062
16.664955,0.747751,-0.060826,0.343057,171.819641,75.740524,156.610977
16.715248,0.747747,-0.060832,0.343051,171.820007,75.739899,156.610809
16.771624,0.747751,-0.060779,0.343033,171.813187,75.737747,156.608398
16.814839,0.747754,-0.060731,0.343019,171.807846,75.736008,156.607025
16.864940,0.747751,-0.060738,0.343014,171.808578,75.735535,156.607147
16.920002,0.747749,-0.060733,0.343010,171.808640,75.735100,156.607544
16.965175,0.747750,-0.060714,0.343003,171.807449,75.734314,156.607895
17.015017,0.747747,-0.060719,0.342999,171.808014,75.733948,156.607925
17.069002,0.747746,-0.060719,0.342996,171.808502,75.733627,156.608398
17.115543,0.747745,-0.060712,0.342992,171.808899,75.733231,156.609314
17.165218,0.747744,-0.060716,0.342991,171.809082,75.733131,156.609100
17.219231,0.747742,-0.060717,0.342987,171.809586,75.732750,156.609512
17.265066,0.747742,-0.060713,0.342985,171.809937,75.732590,156.610199
17.314920,0.747741,-0.060715,0.342986,171.809967,75.732605,156.610001
17.366261,0.747740,-0.060716,0.342983,171.810699,75.732330,156.610580
17.414867,0.747740,-0.060714,0.342982,171.810669,75.732254,156.610733
17.465168,0.747740,-0.060715,0.342982,171.810791,75.732254,156.610779
17.515118,0.747739,-0.060716,0.342981,171.810623,75.732201,156.610504
17.565306,0.747739,-0.060714,0.342981,171.810562,75.732185,156.610580
17.615546,0.747739,-0.060715,0.342981,171.810593,75.732193,156.610550
17.664832,0.747739,-0.060716,0.342982,171.810944,75.732216,156.610825
17.714590,0.747740,-0.060714,0.342981,171.810867,75.732178,156.610916
17.765021,0.747739,-0.060715,0.342981,171.811005,75.732170,156.610977
17.814987,0.747739,-0.060716,0.342981,171.810699,75.732185,156.610596
17.866688,0.747740,-0.060715,0.342981,171.810822,75.732140,156.610794
17.915527,0.747740,-0.060715,0.342981,171.810852,75.732140,156.610825
17.966657,0.747739,-0.060716,0.342981,171.811157,75.732162,156.611053
18.015233,0.747740,-0.060715,0.342981,171.811096,75.732147,156.611084
18.066413,0.747740,-0.060715,0.342980,171.811172,75.732140,156.611145
18.116020,0.747739,-0.060715,0.342981,171.811157,75.732162,156.611084
18.164908,0.747740,-0.060715,0.342980,171.811172,75.732140,156.611145
18.217120,0.747740,-0.060715,0.342980,171.811172,75.732140,156.611145
18.265955,0.747740,-0.060715,0.342980,171.811234,75.732155,156.611145
18.315814,0.747740,-0.060715,0.342980,171.811172,75.732140,156.611145
18.370131,0.747740,-0.060715,0.342980,171.810913,75.732132,156.610870
18.417660,0.747739,-0.060715,0.342980,171.810959,75.732140,156.610870
18.466092,0.747740,-0.060715,0.342980,171.810913,75.732132,156.610870
18.520524,0.747740,-0.060715,0.342980,171.810913,75.732132,156.610870
18.564602,0.747740,-0.060715,0.342980,171.811172,75.732140,156.611115
18.614962,0.747740,-0.060715,0.342980,171.811172,75.732140,156.611145
18.669333,0.747740,-0.060715,0.342980,171.811172,75.732140,156.611145
18.715237,0.747740,-0.060715,0.342980,171.811172,75.732140,156.611115
18.765061,0.747740,-0.060715,0.342980,171.811172,75.732140,156.611145
18.818825,0.747740,-0.060715,0.342980,171.811249,75.732124,156.611237
18.865041,0.747740,-0.060715,0.342980,171.811234,75.732155,156.611145
18.914677,0.747740,-0.060715,0.342980,171.811249,75.732124,156.611237
18.969135,0.747740,-0.060715,0.342980,171.811249,75.732124,156.611237
19.015534,0.747740,-0.060715,0.342980,171.811295,75.732140,156.611221
19.064921,0.747740,-0.060715,0.342980,171.810989,75.732109,156.610962
19.115534,0.747740,-0.060715,0.342980,171.810989,75.732109,156.610962
19.165416,0.747740,-0.060715,0.342980,171.811035,75.732124,156.610977
19.215671,0.747740,-0.060715,0.342980,171.811249,75.732124,156.611237
19.265097,0.747740,-0.060715,0.342980,171.811295,75.732140,156.611237
19.315198,0.747740,-0.060715,0.342980,171.811295,75.732140,156.611237
19.366345,0.747740,-0.060715,0.342980,171.811295,75.732140,156.611237
19.416764,0.747740,-0.060715,0.342980,171.811295,75.732140,156.611237
19.465341,0.747740,-0.060715,0.342980,171.811295,75.732140,156.611237
19.515117,0.747740,-0.060715,0.342980,171.811295,75.732140,156.611237
19.565059,0.747740,-0.060715,0.342980,171.811249,75.732124,156.611237
19.615540,0.747740,-0.060715,0.342980,171.811295,75.732140,156.611237
19.668341,0.747740,-0.060715,0.342980,171.811295,75.732140,156.611237
19.715392,0.747740,-0.060715,0.342980,171.811035,75.732124,156.610977
19.765866,0.747740,-0.060715,0.342980,171.811295,75.732140,156.611237
19.815170,0.747740,-0.060715,0.342980,171.811295,75.732140,156.611237
19.865336,0.747740,-0.060715,0.342980,171.811264,75.732155,156.611237
19.916075,0.747740,-0.060715,0.342980,171.811295,75.732140,156.611237
19.965066,0.747740,-0.060715,0.342980,171.811295,75.732140,156.611237
20.016172,0.747740,-0.060715,0.342980,171.811295,75.732140,156.611237
20.065700,0.747740,-0.060715,0.342980,171.811295,75.732140,156.611237
20.125674,0.747740,-0.060715,0.342980,171.811295,75.732140,156.611237
20.190275,0.747740,-0.060715,0.342980,171.811035,75.732124,156.610977
20.240868,0.747740,-0.060715,0.342980,171.811035,75.732124,156.610977
20.268707,0.747740,-0.060715,0.342980,171.811035,75.732124,156.610977
20.340064,0.747740,-0.060715,0.342980,171.811295,75.732140,156.611237
